﻿pos_x,pos_y,rotation,side,designator,mpn,pack,footprint,value,mount_type,place
70.892822,-65.099703,180.0,top,C1,,,C_0603_1608Metric,0.1 uF,smt,True
81.39282,-106.999702,180.0,top,C10,,,C_0603_1608Metric,0.1 uF,smt,True
79.89282,-120.999702,180.0,top,C11,,,C_0603_1608Metric,0.1 uF,smt,True
75.092821,-131.999703,180.0,top,C12,,,C_0603_1608Metric,0.1 uF,smt,True
87.092821,-134.999703,180.0,top,C13,,,C_0603_1608Metric,0.1 uF,smt,True
66.600603,-136.643306,180.0,top,C14,,,C_0603_1608Metric,0.1 uF,smt,True
54.092821,-133.700046,180.0,top,C15,,,C_0603_1608Metric,0.1 uF,smt,True
41.600603,-136.643306,180.0,top,C16,,,C_0603_1608Metric,0.1 uF,smt,True
33.092821,-131.999703,180.0,top,C17,,,C_0603_1608Metric,0.1 uF,smt,True
28.292822,-120.999702,180.0,top,C18,,,C_0603_1608Metric,0.1 uF,smt,True
21.092821,-134.999703,180.0,top,C19,,,C_0603_1608Metric,0.1 uF,smt,True
54.092821,-122.999703,180.0,top,C2,,,C_0603_1608Metric,0.1 uF,smt,True
26.792822,-106.999702,180.0,top,C20,,,C_0603_1608Metric,0.1 uF,smt,True
26.292822,-91.999703,180.0,top,C21,,,C_0603_1608Metric,0.1 uF,smt,True
31.592821,-78.999703,180.0,top,C22,,,C_0603_1608Metric,0.1 uF,smt,True
23.592822,-70.999703,180.0,top,C23,,,C_0603_1608Metric,0.1 uF,smt,True
37.29282,-65.099703,180.0,top,C24,,,C_0603_1608Metric,0.1 uF,smt,True
28.092821,-58.999703,180.0,top,C25,,,C_0603_1608Metric,0.1 uF,smt,True
25.59282,-42.999701,180.0,top,C26,,,C_0603_1608Metric,0.1 uF,smt,True
26.59282,-29.999701,180.0,top,C27,,,C_0603_1608Metric,0.1 uF,smt,True
31.087182,-27.8403,180.0,top,C28,,,C_0603_1608Metric,0.1 uF,smt,True
21.587181,-24.1403,180.0,top,C29,,,C_0603_1608Metric,0.1 uF,smt,True
54.092821,-107.999705,180.0,top,C3,,,C_0603_1608Metric,0.1 uF,smt,True
38.392821,-21.599704,180.0,top,C30,,,C_0603_1608Metric,0.1 uF,smt,True
58.204727,-18.014623,0.0,top,C31,,,C_0603_1608Metric,0.1 uF,smt,True
69.792821,-21.599704,180.0,top,C32,,,C_0603_1608Metric,0.1 uF,smt,True
77.087184,-27.8403,180.0,top,C33,,,C_0603_1608Metric,0.1 uF,smt,True
81.592822,-29.999701,180.0,top,C34,,,C_0603_1608Metric,0.1 uF,smt,True
86.587185,-24.1403,180.0,top,C35,,,C_0603_1608Metric,0.1 uF,smt,True
82.592822,-42.999701,180.0,top,C36,,,C_0603_1608Metric,0.1 uF,smt,True
80.092821,-58.999703,180.0,top,C37,,,C_0603_1608Metric,0.1 uF,smt,True
84.59282,-70.999703,180.0,top,C38,,,C_0603_1608Metric,0.1 uF,smt,True
54.09,-69.0,90.0,bottom,C39,,,CP_Radial_D5.0mm_P2.00mm,C,tht,True
54.092821,-92.999703,180.0,top,C4,,,C_0603_1608Metric,0.1 uF,smt,True
54.092821,-78.999703,180.0,top,C5,,,C_0603_1608Metric,0.1 uF,smt,True
45.187834,-74.39254,0.0,top,C6,,,C_0603_1608Metric,0.1 uF,smt,True
62.991838,-74.39254,180.0,top,C7,,,C_0603_1608Metric,0.1 uF,smt,True
76.592821,-78.999703,180.0,top,C8,,,C_0603_1608Metric,0.1 uF,smt,True
81.89282,-91.999703,180.0,top,C9,,,C_0603_1608Metric,0.1 uF,smt,True
43.93,-122.655253,0.0,bottom,J1,,,PinHeader_1x03_P2.54mm_Vertical,Conn_01x03_Socket,tht,True
64.25,-122.655253,0.0,bottom,J2,,,PinHeader_1x03_P2.54mm_Vertical,Conn_01x03_Socket,tht,True
54.090002,-126.820003,0.0,top,U1,,,WS2812DwideC,WS2812D_2,tht,True
79.890001,-124.820002,0.0,top,U10,,,WS2812DwideC,WS2812D_2,tht,True
75.090002,-135.820003,0.0,top,U11,,,WS2812DwideC,WS2812D_2,tht,True
87.090002,-138.820003,0.0,top,U12,,,WS2812DwideC,WS2812D_2,tht,True
66.590002,-133.020002,0.0,top,U13,,,WS2812DwideC,WS2812D_2,tht,True
54.090002,-137.520346,0.0,top,U14,,,WS2812DwideC,WS2812D_2,tht,True
41.590002,-133.020002,0.0,top,U15,,,WS2812DwideC,WS2812D_2,tht,True
33.090002,-135.820003,0.0,top,U16,,,WS2812DwideC,WS2812D_2,tht,True
28.290003,-124.820002,0.0,top,U17,,,WS2812DwideC,WS2812D_2,tht,True
21.090002,-138.820003,0.0,top,U18,,,WS2812DwideC,WS2812D_2,tht,True
26.790003,-110.820002,0.0,top,U19,,,WS2812DwideC,WS2812D_2,tht,True
54.090002,-111.820005,0.0,top,U2,,,WS2812DwideC,WS2812D_2,tht,True
26.290003,-95.820003,0.0,top,U20,,,WS2812DwideC,WS2812D_2,tht,True
31.590002,-82.820003,0.0,top,U21,,,WS2812DwideC,WS2812D_2,tht,True
23.590003,-74.820003,0.0,top,U22,,,WS2812DwideC,WS2812D_2,tht,True
37.290001,-68.920003,0.0,top,U23,,,WS2812DwideC,WS2812D_2,tht,True
28.090002,-62.820003,0.0,top,U24,,,WS2812DwideC,WS2812D_2,tht,True
25.590001,-46.820001,0.0,top,U25,,,WS2812DwideC,WS2812D_2,tht,True
26.590001,-33.820001,0.0,top,U26,,,WS2812DwideC,WS2812D_2,tht,True
31.090001,-24.02,0.0,top,U27,,,WS2812DwideC,WS2812D_2,tht,True
21.59,-20.32,0.0,top,U28,,,WS2812DwideC,WS2812D_2,tht,True
38.390002,-25.420004,0.0,top,U29,,,WS2812DwideC,WS2812D_2,tht,True
54.090002,-96.820003,0.0,top,U3,,,WS2812DwideC,WS2812D_2,tht,True
54.090002,-19.98286,0.0,top,U30,,,WS2812DwideC,WS2812D_2,tht,True
69.790002,-25.420004,0.0,top,U31,,,WS2812DwideC,WS2812D_2,tht,True
77.090003,-24.02,0.0,top,U32,,,WS2812DwideC,WS2812D_2,tht,True
81.590003,-33.820001,0.0,top,U33,,,WS2812DwideC,WS2812D_2,tht,True
86.590004,-20.32,0.0,top,U34,,,WS2812DwideC,WS2812D_2,tht,True
82.590003,-46.820001,0.0,top,U35,,,WS2812DwideC,WS2812D_2,tht,True
80.090002,-62.820003,0.0,top,U36,,,WS2812DwideC,WS2812D_2,tht,True
84.590001,-74.820003,0.0,top,U37,,,WS2812DwideC,WS2812D_2,tht,True
70.890003,-68.920003,0.0,top,U38,,,WS2812DwideC,WS2812D_2,tht,True
54.090002,-82.818639,0.0,top,U4,,,WS2812DwideC,WS2812D_2,tht,True
41.590002,-77.020003,0.0,top,U5,,,WS2812DwideC,WS2812D_2,tht,True
66.590002,-77.020003,0.0,top,U6,,,WS2812DwideC,WS2812D_2,tht,True
76.590002,-82.820003,0.0,top,U7,,,WS2812DwideC,WS2812D_2,tht,True
81.890001,-95.820003,0.0,top,U8,,,WS2812DwideC,WS2812D_2,tht,True
81.390001,-110.820002,0.0,top,U9,,,WS2812DwideC,WS2812D_2,tht,True
