﻿Designator,Quantity,Value,Footprint,Package,MPN,DNP,Mount_Type,Description
"C1, C10, C11, C12, C13, C14, C15, C16, C17, C18, C19, C2, C20, C21, C22, C23, C24, C25, C26, C27, C28, C29, C3, C30, C31, C32, C33, C34, C35, C36, C37, C38, C4, C5, C6, C7, C8, C9",38,0.1 uF,C_0603_1608Metric,,,,smt,Unpolarized capacitor
C39,1,C,CP_Radial_D5.0mm_P2.00mm,,,,tht,Unpolarized capacitor
"J1, J2",2,Conn_01x03_Socket,PinHeader_1x03_P2.54mm_Vertical,,,,tht,"Generic connector, single row, 01x03, script generated"
"U1, U10, U11, U12, U13, U14, U15, U16, U17, U18, U19, U2, U20, U21, U22, U23, U24, U25, U26, U27, U28, U29, U3, U30, U31, U32, U33, U34, U35, U36, U37, U38, U4, U5, U6, U7, U8, U9",38,WS2812D_2,WS2812DwideC,,,,tht,
